{"schema":
    {"fields":
        [
            {"name":"index","type":"string"},
            {"name":"count","type":"number"},
            {"name":"mean","type":"number"},
            {"name":"std","type":"number"},
            {"name":"min","type":"number"},
            {"name":"25%","type":"number"},
            {"name":"50%","type":"number"},
            {"name":"75%","type":"number"},
            {"name":"max","type":"number"}],
    "primaryKey":["index"],"pandas_version":"1.4.0"},
    "data":[
        {"index":"id","count":70000.0,"mean":49972.4199,"std":28851.3023231729,"min":0.0,"25%":25006.75,"50%":50001.5,"75%":74889.25,"max":99999.0},
        {"index":"age","count":70000.0,"mean":19468.8658142857,"std":2467.2516672414,"min":10798.0,"25%":17664.0,"50%":19703.0,"75%":21327.0,"max":23713.0},
        {"index":"gender","count":70000.0,"mean":1.3495714286,"std":0.4768380156,"min":1.0,"25%":1.0,"50%":1.0,"75%":2.0,"max":2.0},
        {"index":"height","count":70000.0,"mean":164.3592285714,"std":8.2101263645,"min":55.0,"25%":159.0,"50%":165.0,"75%":170.0,"max":250.0},
        {"index":"weight","count":70000.0,"mean":74.20569,"std":14.3957566785,"min":10.0,"25%":65.0,"50%":72.0,"75%":82.0,"max":200.0},
        {"index":"ap_hi","count":70000.0,"mean":128.8172857143,"std":154.0114194561,"min":-150.0,"25%":120.0,"50%":120.0,"75%":140.0,"max":16020.0},
        {"index":"ap_lo","count":70000.0,"mean":96.6304142857,"std":188.4725302964,"min":-70.0,"25%":80.0,"50%":80.0,"75%":90.0,"max":11000.0},
        {"index":"cholesterol","count":70000.0,"mean":1.3668714286,"std":0.6802503487,"min":1.0,"25%":1.0,"50%":1.0,"75%":2.0,"max":3.0},{"index":"gluc","count":70000.0,"mean":1.2264571429,"std":0.5722702766,"min":1.0,"25%":1.0,"50%":1.0,"75%":1.0,"max":3.0},{"index":"smoke","count":70000.0,"mean":0.0881285714,"std":0.2834838168,"min":0.0,"25%":0.0,"50%":0.0,"75%":0.0,"max":1.0},{"index":"alco","count":70000.0,"mean":0.0537714286,"std":0.2255677036,"min":0.0,"25%":0.0,"50%":0.0,"75%":0.0,"max":1.0},{"index":"active","count":70000.0,"mean":0.8037285714,"std":0.3971790635,"min":0.0,"25%":1.0,"50%":1.0,"75%":1.0,"max":1.0},
        {"index":"cardio","count":70000.0,"mean":0.4997,"std":0.5000034815,"min":0.0,"25%":0.0,"50%":0.0,"75%":1.0,"max":1.0}
        ]
    }