{
    "id": {"null_values": 0, "not_null_values": 70000}, 
    "age": {"null_values": 0, "not_null_values": 70000}, 
    "gender": {"null_values": 0, "not_null_values": 70000}, 
    "height": {"null_values": 0, "not_null_values": 70000},
    "weight": {"null_values": 0, "not_null_values": 70000}, 
    "ap_hi": {"null_values": 0, "not_null_values": 70000}, 
    "ap_lo": {"null_values": 0, "not_null_values": 70000}, 
    "cholesterol": {"null_values": 0, "not_null_values": 70000},
    "gluc": {"null_values": 0, "not_null_values": 70000},
    "smoke": {"null_values": 0, "not_null_values": 70000}, 
    "alco": {"null_values": 0, "not_null_values": 70000},
    "active": {"null_values": 0, "not_null_values": 70000}, 
    "cardio": {"null_values": 0, "not_null_values": 70000}
}